# ascissa, ordinata
  19.31100,   6.66744
   1.69559,  21.57774
 -17.92840,   9.43204
 -12.44130, -12.98472
  10.57391, -14.69334
