# ascissa, ordinata
  20.22140,   7.10482
   2.52693,  21.35630
 -16.49492,   8.93181
 -10.55661, -12.99843
  12.13533, -14.12757
