# # ascissa, ordinata
  14.86825,  10.74228
  -6.78323,  16.26739
 -18.72860,  -2.61704
  -4.45976, -19.81337
  16.30424, -11.55685
